stream_id,checkpoint,processed,exact,estimate
0,0,50001,47641,45714.8
0,1,100001,90688,86710.3
0,2,150001,129620,123262
0,3,200001,164785,156549
0,4,250001,196825,187048
0,5,300001,225568,214790
0,6,350001,251675,239257
0,7,400001,275248,261009
0,8,450001,296598,280879
0,9,500001,315883,298713
0,10,550001,333439,315375
0,11,600001,349378,337599
0,12,650001,363703,349921
0,13,700001,376559,361302
0,14,750001,388324,371458
0,15,800001,398989,380714
0,16,850001,408550,389062
0,17,900001,417295,396690
0,18,950001,425209,403653
0,19,1000000,432324,410092
1,0,50001,47564,45663.8
1,1,100001,90627,86323.3
1,2,150001,129687,123866
1,3,200001,165035,156849
1,4,250001,197135,186603
1,5,300001,225985,213739
1,6,350001,251876,238163
1,7,400001,275356,260249
1,8,450001,296745,280360
1,9,500001,316116,299173
1,10,550001,333576,315486
1,11,600001,349191,336853
1,12,650001,363528,349043
1,13,700001,376403,360091
1,14,750001,388173,370186
1,15,800001,398579,379338
1,16,850001,408138,387551
1,17,900001,416892,395181
1,18,950001,424729,402158
1,19,1000000,431973,408572
2,0,50001,47596,45795.6
2,1,100001,90573,86217.1
2,2,150001,129635,122884
2,3,200001,164787,155969
2,4,250001,196844,185903
2,5,300001,225794,212848
2,6,350001,251808,237048
2,7,400001,275419,259429
2,8,450001,296807,279717
2,9,500001,316233,298382
2,10,550001,333723,314513
2,11,600001,349556,337450
2,12,650001,363537,349268
2,13,700001,376357,360129
2,14,750001,388054,370174
2,15,800001,398665,379741
2,16,850001,408298,387858
2,17,900001,417136,395748
2,18,950001,425100,402826
2,19,1000000,432308,409321
3,0,50001,47574,45660.9
3,1,100001,90618,86648.3
3,2,150001,129447,123175
3,3,200001,164687,156420
3,4,250001,196638,187023
3,5,300001,225472,213754
3,6,350001,251525,238132
3,7,400001,275227,260009
3,8,450001,296485,279869
3,9,500001,315885,298070
3,10,550001,333294,313887
3,11,600001,349048,336497
3,12,650001,363433,348873
3,13,700001,376415,359616
3,14,750001,388035,369894
3,15,800001,398719,379540
3,16,850001,408329,388156
3,17,900001,417118,396106
3,18,950001,425043,403411
3,19,1000000,432078,409851
4,0,50001,47595,45879.3
4,1,100001,90674,87046
4,2,150001,129499,123848
4,3,200001,164826,157456
4,4,250001,196545,187411
4,5,300001,225429,214955
4,6,350001,251513,239213
4,7,400001,275284,261405
4,8,450001,296794,280930
4,9,500001,316125,298850
4,10,550001,333630,316031
4,11,600001,349539,338660
4,12,650001,363825,351038
4,13,700001,376738,362361
4,14,750001,388334,372364
4,15,800001,399084,382216
4,16,850001,408635,390593
4,17,900001,417487,398558
4,18,950001,425273,405554
4,19,1000000,432386,411879
5,0,50001,47657,45899.2
5,1,100001,90607,86507
5,2,150001,129555,123252
5,3,200001,164857,156258
5,4,250001,196818,186006
5,5,300001,225548,213071
5,6,350001,251779,237862
5,7,400001,275131,260067
5,8,450001,296577,280004
5,9,500001,315885,297537
5,10,550001,333500,313821
5,11,600001,349320,336769
5,12,650001,363685,349579
5,13,700001,376631,360875
5,14,750001,388375,371023
5,15,800001,398985,380538
5,16,850001,408710,389365
5,17,900001,417193,397019
5,18,950001,425123,404227
5,19,1000000,432204,410560
6,0,50001,47531,45625.5
6,1,100001,90592,86452.9
6,2,150001,129595,123835
6,3,200001,164905,157091
6,4,250001,196752,186719
6,5,300001,225385,213703
6,6,350001,251573,238514
6,7,400001,275182,260694
6,8,450001,296699,280973
6,9,500001,315936,299016
6,10,550001,333449,315121
6,11,600001,349386,337845
6,12,650001,363780,350430
6,13,700001,376839,361479
6,14,750001,388625,372112
6,15,800001,399183,381138
6,16,850001,408824,389644
6,17,900001,417338,397157
6,18,950001,425321,404401
6,19,1000000,432622,411174
7,0,50001,47619,45875
7,1,100001,90699,86809.2
7,2,150001,129591,123760
7,3,200001,164815,156820
7,4,250001,196527,186590
7,5,300001,225477,213351
7,6,350001,251549,238342
7,7,400001,275251,260460
7,8,450001,296768,280479
7,9,500001,316101,298577
7,10,550001,333531,314955
7,11,600001,349342,337944
7,12,650001,363776,350693
7,13,700001,376739,362476
7,14,750001,388343,372569
7,15,800001,398826,381721
7,16,850001,408386,390380
7,17,900001,417173,398053
7,18,950001,425016,405107
7,19,1000000,432097,411352
8,0,50001,47597,45549
8,1,100001,90721,86731.6
8,2,150001,129681,123501
8,3,200001,164876,156486
8,4,250001,196772,186686
8,5,300001,225648,213397
8,6,350001,251654,237794
8,7,400001,275546,260387
8,8,450001,297043,279801
8,9,500001,316501,297934
8,10,550001,333964,315098
8,11,600001,349725,336293
8,12,650001,364014,348779
8,13,700001,377011,360067
8,14,750001,388749,370494
8,15,800001,399307,379992
8,16,850001,408921,388602
8,17,900001,417520,396328
8,18,950001,425361,403541
8,19,1000000,432528,409858
9,0,50001,47598,45666.6
9,1,100001,90651,86497.3
9,2,150001,129523,122991
9,3,200001,164518,155775
9,4,250001,196611,186027
9,5,300001,225518,213214
9,6,350001,251691,237537
9,7,400001,275280,259813
9,8,450001,296715,280335
9,9,500001,315950,298577
9,10,550001,333595,315731
9,11,600001,349342,337937
9,12,650001,363782,350259
9,13,700001,376596,361272
9,14,750001,388308,371551
9,15,800001,398830,381154
9,16,850001,408561,389683
9,17,900001,417182,397359
9,18,950001,425090,404858
9,19,1000000,432107,411262
10,0,50001,47634,45941.7
10,1,100001,90773,86704.5
10,2,150001,129740,123421
10,3,200001,165026,156664
10,4,250001,196942,186474
10,5,300001,225776,213361
10,6,350001,251972,238323
10,7,400001,275705,259747
10,8,450001,296871,279810
10,9,500001,316209,297218
10,10,550001,333753,312838
10,11,600001,349235,335851
10,12,650001,363638,348470
10,13,700001,376666,360068
10,14,750001,388350,370244
10,15,800001,398992,379866
10,16,850001,408665,388448
10,17,900001,417393,396404
10,18,950001,425118,403482
10,19,1000000,432377,409972
11,0,50001,47582,45747.4
11,1,100001,90761,87129.6
11,2,150001,129664,124048
11,3,200001,164910,156876
11,4,250001,196746,186823
11,5,300001,225703,213923
11,6,350001,251534,238564
11,7,400001,275316,260460
11,8,450001,296787,279920
11,9,500001,316241,297818
11,10,550001,333642,313843
11,11,600001,349237,336564
11,12,650001,363475,349018
11,13,700001,376476,360787
11,14,750001,388221,371098
11,15,800001,398812,380677
11,16,850001,408343,389212
11,17,900001,416915,396905
11,18,950001,424886,404316
11,19,1000000,432126,410789
12,0,50001,47677,45833.9
12,1,100001,90687,86929.5
12,2,150001,129466,123380
12,3,200001,164460,156321
12,4,250001,196468,186466
12,5,300001,225363,213158
12,6,350001,251426,237164
12,7,400001,275050,259392
12,8,450001,296289,279211
12,9,500001,315631,296563
12,10,550001,333055,312404
12,11,600001,349005,335730
12,12,650001,363445,348399
12,13,700001,376588,359489
12,14,750001,388243,369558
12,15,800001,398706,379121
12,16,850001,408314,387704
12,17,900001,417028,395161
12,18,950001,424723,401929
12,19,1000000,432011,408477
13,0,50001,47614,45702
13,1,100001,90726,87065.4
13,2,150001,129674,123917
13,3,200001,164967,157008
13,4,250001,196809,186848
13,5,300001,225753,214256
13,6,350001,251761,239096
13,7,400001,275416,261427
13,8,450001,296872,281529
13,9,500001,316306,299163
13,10,550001,333725,315831
13,11,600001,349726,337787
13,12,650001,364020,349725
13,13,700001,376921,360843
13,14,750001,388649,371187
13,15,800001,399169,380287
13,16,850001,408842,388845
13,17,900001,417490,396508
13,18,950001,425285,403379
13,19,1000000,432538,409750
14,0,50001,47631,45788.5
14,1,100001,90786,86840.2
14,2,150001,129755,123301
14,3,200001,164840,156539
14,4,250001,196817,186366
14,5,300001,225659,213841
14,6,350001,251709,238145
14,7,400001,275275,260504
14,8,450001,296732,280717
14,9,500001,315994,298469
14,10,550001,333597,314557
14,11,600001,349468,337842
14,12,650001,363899,350404
14,13,700001,376817,361916
14,14,750001,388473,372148
14,15,800001,399062,381539
14,16,850001,408605,390301
14,17,900001,417259,397894
14,18,950001,425120,404683
14,19,1000000,432172,410692
15,0,50001,47563,45697.8
15,1,100001,90603,86820.8
15,2,150001,129413,124005
15,3,200001,164543,157247
15,4,250001,196338,187771
15,5,300001,225239,215311
15,6,350001,251254,239518
15,7,400001,274654,261530
15,8,450001,296050,281512
15,9,500001,315368,299615
15,10,550001,332993,316176
15,11,600001,348869,338183
15,12,650001,363144,350314
15,13,700001,376038,361129
15,14,750001,387980,371483
15,15,800001,398700,380572
15,16,850001,408343,389269
15,17,900001,417090,397257
15,18,950001,425120,404505
15,19,1000000,432218,410916
16,0,50001,47640,45799.8
16,1,100001,90663,86760.7
16,2,150001,129650,123493
16,3,200001,164779,156146
16,4,250001,196829,186230
16,5,300001,225757,213621
16,6,350001,251798,238022
16,7,400001,275409,259559
16,8,450001,296708,280250
16,9,500001,315875,298041
16,10,550001,333310,314249
16,11,600001,349246,335913
16,12,650001,363599,348250
16,13,700001,376588,359602
16,14,750001,388298,369931
16,15,800001,398886,378887
16,16,850001,408463,387286
16,17,900001,417244,395146
16,18,950001,425016,402295
16,19,1000000,432208,408642
17,0,50001,47605,45804.1
17,1,100001,90595,86871.3
17,2,150001,129502,123678
17,3,200001,164623,156730
17,4,250001,196501,186528
17,5,300001,225435,213499
17,6,350001,251579,238028
17,7,400001,275117,260263
17,8,450001,296544,280013
17,9,500001,315918,298294
17,10,550001,333534,314128
17,11,600001,349441,336388
17,12,650001,363818,348953
17,13,700001,376808,360553
17,14,750001,388564,371333
17,15,800001,399086,380838
17,16,850001,408710,389331
17,17,900001,417316,397004
17,18,950001,425135,404089
17,19,1000000,432173,410280
18,0,50001,47613,45631.2
18,1,100001,90581,86658
18,2,150001,129481,123832
18,3,200001,164815,157025
18,4,250001,196679,186511
18,5,300001,225561,213397
18,6,350001,251707,237433
18,7,400001,275393,259154
18,8,450001,296761,279489
18,9,500001,315982,297189
18,10,550001,333501,314238
18,11,600001,349385,337282
18,12,650001,363768,349730
18,13,700001,376831,361051
18,14,750001,388600,371413
18,15,800001,399188,380454
18,16,850001,408763,389053
18,17,900001,417407,396806
18,18,950001,425250,403784
18,19,1000000,432479,410239
19,0,50001,47554,45588.7
19,1,100001,90583,86586.4
19,2,150001,129572,123555
19,3,200001,164989,156886
19,4,250001,196777,187181
19,5,300001,225877,214528
19,6,350001,251853,239325
19,7,400001,275411,261251
19,8,450001,296523,281829
19,9,500001,315951,299989
19,10,550001,333634,316221
19,11,600001,349540,338263
19,12,650001,363989,350825
19,13,700001,376918,362408
19,14,750001,388672,372652
19,15,800001,399239,382371
19,16,850001,408812,391007
19,17,900001,417500,398302
19,18,950001,425353,405374
19,19,1000000,432410,411558
20,0,50001,47623,45802.7
20,1,100001,90784,86598
20,2,150001,129755,123252
20,3,200001,165079,156466
20,4,250001,196831,185800
20,5,300001,225643,212433
20,6,350001,251766,236621
20,7,400001,275403,258628
20,8,450001,296839,278363
20,9,500001,316158,296169
20,10,550001,333697,312133
20,11,600001,349552,335522
20,12,650001,363897,347920
20,13,700001,376866,359457
20,14,750001,388661,369616
20,15,800001,399222,378866
20,16,850001,408848,387243
20,17,900001,417532,394956
20,18,950001,425427,402018
20,19,1000000,432404,408356
21,0,50001,47573,45730.4
21,1,100001,90694,86789.8
21,2,150001,129696,124030
21,3,200001,164615,156889
21,4,250001,196493,187006
21,5,300001,225398,214076
21,6,350001,251584,238644
21,7,400001,275215,260045
21,8,450001,296803,280683
21,9,500001,316169,298197
21,10,550001,333763,313996
21,11,600001,349473,336674
21,12,650001,363968,349328
21,13,700001,376996,360714
21,14,750001,388574,371028
21,15,800001,399193,380752
21,16,850001,408883,389453
21,17,900001,417456,397142
21,18,950001,425182,403977
21,19,1000000,432306,410418
22,0,50001,47559,45666.6
22,1,100001,90681,86846
22,2,150001,129654,123542
22,3,200001,164871,157035
22,4,250001,196814,186615
22,5,300001,225695,213918
22,6,350001,251722,237414
22,7,400001,275410,259277
22,8,450001,296855,279076
22,9,500001,315952,296832
22,10,550001,333425,313656
22,11,600001,349413,336560
22,12,650001,363762,349463
22,13,700001,376682,360840
22,14,750001,388301,370606
22,15,800001,398989,379756
22,16,850001,408440,388282
22,17,900001,417164,396248
22,18,950001,425010,403164
22,19,1000000,432233,409499
23,0,50001,47632,45829.6
23,1,100001,90694,87077.1
23,2,150001,129738,124100
23,3,200001,165005,157300
23,4,250001,196767,187695
23,5,300001,225694,214831
23,6,350001,251691,238965
23,7,400001,275413,261206
23,8,450001,296666,281400
23,9,500001,315948,299291
23,10,550001,333522,315531
23,11,600001,349444,337978
23,12,650001,363644,350309
23,13,700001,376703,361687
23,14,750001,388460,372082
23,15,800001,399052,381746
23,16,850001,408597,390091
23,17,900001,417266,397879
23,18,950001,425248,404737
23,19,1000000,432394,411084
24,0,50001,47507,45598.6
24,1,100001,90449,86147.6
24,2,150001,129479,123150
24,3,200001,164781,156469
24,4,250001,196756,186715
24,5,300001,225666,213800
24,6,350001,251822,237917
24,7,400001,275400,260227
24,8,450001,297046,279911
24,9,500001,316272,297954
24,10,550001,333737,314073
24,11,600001,349513,336593
24,12,650001,363867,349461
24,13,700001,376863,360905
24,14,750001,388548,371352
24,15,800001,399084,380537
24,16,850001,408587,388754
24,17,900001,417309,396197
24,18,950001,425267,402964
24,19,1000000,432388,409688
25,0,50001,47496,45921.9
25,1,100001,90469,86708.4
25,2,150001,129317,123403
25,3,200001,164552,156519
25,4,250001,196400,186794
25,5,300001,225388,214302
25,6,350001,251524,238533
25,7,400001,275202,260555
25,8,450001,296674,280386
25,9,500001,316161,298879
25,10,550001,333640,314447
25,11,600001,349151,337241
25,12,650001,363386,349480
25,13,700001,376592,360929
25,14,750001,388361,371166
25,15,800001,399002,380865
25,16,850001,408650,389133
25,17,900001,417344,396917
25,18,950001,425194,403985
25,19,1000000,432335,410425
26,0,50001,47635,45621.3
26,1,100001,90662,86508.9
26,2,150001,129591,123503
26,3,200001,164872,156803
26,4,250001,196802,186495
26,5,300001,225391,213438
26,6,350001,251405,237518
26,7,400001,275133,259537
26,8,450001,296512,279514
26,9,500001,315971,297595
26,10,550001,333538,314227
26,11,600001,349482,338529
26,12,650001,363618,350614
26,13,700001,376533,362042
26,14,750001,388362,372198
26,15,800001,398965,381386
26,16,850001,408615,390085
26,17,900001,417449,397982
26,18,950001,425314,405130
26,19,1000000,432492,411601
27,0,50001,47668,45850.9
27,1,100001,90765,86793.7
27,2,150001,129813,123827
27,3,200001,164890,157340
27,4,250001,196908,187035
27,5,300001,225800,214368
27,6,350001,252015,239145
27,7,400001,275620,261067
27,8,450001,296860,280556
27,9,500001,316158,298830
27,10,550001,333650,315331
27,11,600001,349579,338341
27,12,650001,363896,350604
27,13,700001,377012,362237
27,14,750001,388851,372635
27,15,800001,399399,381842
27,16,850001,408941,390769
27,17,900001,417540,398820
27,18,950001,425446,405928
27,19,1000000,432538,412173
28,0,50001,47511,45738.9
28,1,100001,90590,86685.1
28,2,150001,129519,123119
28,3,200001,164866,156638
28,4,250001,196857,187048
28,5,300001,225625,213739
28,6,350001,251739,238145
28,7,400001,275457,259689
28,8,450001,296810,279750
28,9,500001,316208,298537
28,10,550001,333603,314955
28,11,600001,349318,337509
28,12,650001,363877,350226
28,13,700001,376696,361745
28,14,750001,388394,371917
28,15,800001,399017,381437
28,16,850001,408635,389810
28,17,900001,417293,397382
28,18,950001,425116,404302
28,19,1000000,432203,410715
29,0,50001,47596,46032.6
29,1,100001,90547,87145.1
29,2,150001,129394,124337
29,3,200001,164868,157327
29,4,250001,196675,187169
29,5,300001,225493,214440
29,6,350001,251698,238743
29,7,400001,275279,260162
29,8,450001,296703,280030
29,9,500001,315978,298450
29,10,550001,333511,314480
29,11,600001,349373,337880
29,12,650001,363609,349823
29,13,700001,376467,361027
29,14,750001,388203,371360
29,15,800001,398777,380520
29,16,850001,408375,389123
29,17,900001,417059,397026
29,18,950001,425008,404214
29,19,1000000,432185,410736
30,0,50001,47603,45821.1
30,1,100001,90695,87086.8
30,2,150001,129594,123940
30,3,200001,164941,157187
30,4,250001,196848,187423
30,5,300001,225691,214374
30,6,350001,251579,238545
30,7,400001,275296,260373
30,8,450001,296733,280106
30,9,500001,315930,298070
30,10,550001,333492,314656
30,11,600001,349312,338215
30,12,650001,363651,350701
30,13,700001,376697,362092
30,14,750001,388364,372163
30,15,800001,398827,381699
30,16,850001,408410,390223
30,17,900001,417094,398034
30,18,950001,425037,405039
30,19,1000000,432118,411462
31,0,50001,47612,45821.1
31,1,100001,90677,86735.5
31,2,150001,129611,123655
31,3,200001,164840,157147
31,4,250001,196682,186727
31,5,300001,225445,214307
31,6,350001,251802,239661
31,7,400001,275498,261736
31,8,450001,296811,281469
31,9,500001,316132,299477
31,10,550001,333434,315375
31,11,600001,349311,337925
31,12,650001,363680,350275
31,13,700001,376455,361346
31,14,750001,388260,371943
31,15,800001,398905,381275
31,16,850001,408549,389761
31,17,900001,417293,397550
31,18,950001,425024,404594
31,19,1000000,432233,410943
32,0,50001,47549,45797
32,1,100001,90543,86460.6
32,2,150001,129458,123319
32,3,200001,165004,157111
32,4,250001,197008,187390
32,5,300001,225859,214476
32,6,350001,251918,239511
32,7,400001,275595,261228
32,8,450001,297002,280930
32,9,500001,316426,299095
32,10,550001,333985,315453
32,11,600001,349709,337793
32,12,650001,364072,350517
32,13,700001,376886,361697
32,14,750001,388524,371877
32,15,800001,399050,381245
32,16,850001,408510,389704
32,17,900001,417189,397446
32,18,950001,425008,404585
32,19,1000000,432164,410699
33,0,50001,47610,45641.1
33,1,100001,90646,86776.2
33,2,150001,129701,123665
33,3,200001,164938,156998
33,4,250001,196896,186956
33,5,300001,225776,214127
33,6,350001,252024,239164
33,7,400001,275725,261339
33,8,450001,297010,281315
33,9,500001,316372,299232
33,10,550001,333623,314877
33,11,600001,349368,337711
33,12,650001,363615,349546
33,13,700001,376586,360992
33,14,750001,388474,371296
33,15,800001,398972,380386
33,16,850001,408567,389123
33,17,900001,417274,396723
33,18,950001,425133,403997
33,19,1000000,432220,410135
34,0,50001,47555,45703.4
34,1,100001,90609,86902.3
34,2,150001,129593,123868
34,3,200001,164857,156849
34,4,250001,196756,186698
34,5,300001,225653,213560
34,6,350001,251746,238372
34,7,400001,275411,260475
34,8,450001,296788,280598
34,9,500001,316174,298333
34,10,550001,333808,313700
34,11,600001,349642,336874
34,12,650001,363953,349226
34,13,700001,377137,360770
34,14,750001,388985,370868
34,15,800001,399661,380343
34,16,850001,409160,388499
34,17,900001,417838,396329
34,18,950001,425626,403373
34,19,1000000,432658,409738
35,0,50001,47499,45602.8
35,1,100001,90688,86615.4
35,2,150001,129467,123234
35,3,200001,164792,156516
35,4,250001,196524,186570
35,5,300001,225235,213841
35,6,350001,251501,238102
35,7,400001,275088,261199
35,8,450001,296382,281298
35,9,500001,315769,299851
35,10,550001,333211,315187
35,11,600001,349131,337331
35,12,650001,363412,349751
35,13,700001,376335,360992
35,14,750001,388092,371536
35,15,800001,398585,380766
35,16,850001,408200,389348
35,17,900001,416865,396810
35,18,950001,424808,404066
35,19,1000000,431926,410717
36,0,50001,47518,45680.8
36,1,100001,90531,86722
36,2,150001,129395,123439
36,3,200001,164663,156846
36,4,250001,196419,186553
36,5,300001,225198,213366
36,6,350001,251321,237776
36,7,400001,275070,260009
36,8,450001,296682,279936
36,9,500001,315990,298138
36,10,550001,333664,314910
36,11,600001,349481,337451
36,12,650001,363860,349999
36,13,700001,376640,361164
36,14,750001,388462,371389
36,15,800001,399281,380926
36,16,850001,408809,389445
36,17,900001,417465,397294
36,18,950001,425372,404433
36,19,1000000,432332,410780
37,0,50001,47642,45965.9
37,1,100001,90546,86706.4
37,2,150001,129530,123329
37,3,200001,164792,155972
37,4,250001,196695,186188
37,5,300001,225655,213239
37,6,350001,251839,237543
37,7,400001,275552,260504
37,8,450001,296979,280905
37,9,500001,316376,299104
37,10,550001,333840,315353
37,11,600001,349606,338141
37,12,650001,364058,350936
37,13,700001,376861,362104
37,14,750001,388474,372470
37,15,800001,399043,381867
37,16,850001,408687,390082
37,17,900001,417378,397737
37,18,950001,425198,404923
37,19,1000000,432403,411646
38,0,50001,47571,45564.6
38,1,100001,90649,86828.6
38,2,150001,129563,124015
38,3,200001,164978,158130
38,4,250001,196834,188464
38,5,300001,225757,216016
38,6,350001,251934,240485
38,7,400001,275510,262608
38,8,450001,296762,282449
38,9,500001,316000,300771
38,10,550001,333544,317488
38,11,600001,349219,338413
38,12,650001,363673,350769
38,13,700001,376522,362032
38,14,750001,388300,371759
38,15,800001,399037,381290
38,16,850001,408559,389717
38,17,900001,417265,397445
38,18,950001,425132,404519
38,19,1000000,432273,410655
39,0,50001,47523,45771.5
39,1,100001,90619,86725.8
39,2,150001,129428,123122
39,3,200001,164723,156568
39,4,250001,196679,186806
39,5,300001,225485,214143
39,6,350001,251552,238465
39,7,400001,275053,260336
39,8,450001,296522,280666
39,9,500001,316041,298752
39,10,550001,333618,315398
39,11,600001,349404,338310
39,12,650001,363724,350510
39,13,700001,376694,362310
39,14,750001,388359,372447
39,15,800001,398975,381847
39,16,850001,408617,390509
39,17,900001,417344,398336
39,18,950001,425252,405298
39,19,1000000,432329,411595
40,0,50001,47620,45777.1
40,1,100001,90822,87009.1
40,2,150001,129769,123460
40,3,200001,165179,156849
40,4,250001,196979,187064
40,5,300001,225770,213621
40,6,350001,251877,238557
40,7,400001,275497,260278
40,8,450001,296848,280131
40,9,500001,316245,298060
40,10,550001,333668,314128
40,11,600001,349493,337288
40,12,650001,363952,349661
40,13,700001,376965,360838
40,14,750001,388712,370901
40,15,800001,399242,380102
40,16,850001,408931,388737
40,17,900001,417373,396282
40,18,950001,425193,402943
40,19,1000000,432305,409284
41,0,50001,47542,45846.6
41,1,100001,90508,86669.6
41,2,150001,129494,123470
41,3,200001,164716,155979
41,4,250001,196713,186283
41,5,300001,225448,212944
41,6,350001,251696,237745
41,7,400001,275379,259697
41,8,450001,296655,280097
41,9,500001,316042,298372
41,10,550001,333642,315586
41,11,600001,349539,337527
41,12,650001,363889,350197
41,13,700001,376666,361210
41,14,750001,388526,371857
41,15,800001,399082,381334
41,16,850001,408704,389888
41,17,900001,417461,397574
41,18,950001,425166,404494
41,19,1000000,432264,410444
42,0,50001,47569,45375.1
42,1,100001,90556,86226.8
42,2,150001,129605,123639
42,3,200001,164819,156295
42,4,250001,196691,185771
42,5,300001,225691,212377
42,6,350001,251890,236883
42,7,400001,275462,258678
42,8,450001,296848,279017
42,9,500001,316258,296861
42,10,550001,333589,312708
42,11,600001,349307,335168
42,12,650001,363603,347586
42,13,700001,376357,358817
42,14,750001,388228,368895
42,15,800001,398840,378199
42,16,850001,408347,386860
42,17,900001,417201,394865
42,18,950001,424982,401517
42,19,1000000,432268,408330
43,0,50001,47575,45699.2
43,1,100001,90615,86458.7
43,2,150001,129692,123234
43,3,200001,164837,156786
43,4,250001,196621,186329
43,5,300001,225665,213341
43,6,350001,251693,237696
43,7,400001,275279,259929
43,8,450001,296586,279674
43,9,500001,315909,297672
43,10,550001,333477,313733
43,11,600001,349332,336730
43,12,650001,363740,349338
43,13,700001,376631,360624
43,14,750001,388336,370614
43,15,800001,398955,380167
43,16,850001,408593,388789
43,17,900001,417296,396785
43,18,950001,425198,404138
43,19,1000000,432345,410380
44,0,50001,47610,45850.9
44,1,100001,90773,86987.7
44,2,150001,129755,123534
44,3,200001,164841,156440
44,4,250001,196610,186445
44,5,300001,225433,213841
44,6,350001,251494,238268
44,7,400001,275055,260249
44,8,450001,296226,280242
44,9,500001,315875,298391
44,10,550001,333486,314238
44,11,600001,349342,338458
44,12,650001,363600,350804
44,13,700001,376578,362339
44,14,750001,388397,373003
44,15,800001,399043,382228
44,16,850001,408672,390682
44,17,900001,417392,398629
44,18,950001,425210,405780
44,19,1000000,432181,412269
45,0,50001,47597,45626.9
45,1,100001,90703,86826.6
45,2,150001,129763,123619
45,3,200001,165056,156959
45,4,250001,197028,186628
45,5,300001,225845,214010
45,6,350001,251874,238490
45,7,400001,275526,261023
45,8,450001,296903,280999
45,9,500001,316017,298596
45,10,550001,333392,314623
45,11,600001,349216,336598
45,12,650001,363484,348500
45,13,700001,376327,359701
45,14,750001,388184,370220
45,15,800001,398815,379600
45,16,850001,408497,388112
45,17,900001,417229,395556
45,18,950001,425064,402221
45,19,1000000,432202,408852
46,0,50001,47662,45957.4
46,1,100001,90649,86861.6
46,2,150001,129532,124224
46,3,200001,164885,157045
46,4,250001,196783,186819
46,5,300001,225646,212833
46,6,350001,251760,238231
46,7,400001,275162,259907
46,8,450001,296518,280182
46,9,500001,315849,298206
46,10,550001,333401,314612
46,11,600001,349111,337460
46,12,650001,363543,349938
46,13,700001,376485,361095
46,14,750001,388210,371684
46,15,800001,399011,381225
46,16,850001,408649,389793
46,17,900001,417275,397552
46,18,950001,425116,404550
46,19,1000000,432266,410975
47,0,50001,47559,45787.1
47,1,100001,90477,86452.9
47,2,150001,129536,123411
47,3,200001,164733,156008
47,4,250001,196491,185668
47,5,300001,225403,213285
47,6,350001,251474,237715
47,7,400001,275102,259479
47,8,450001,296547,279590
47,9,500001,315985,297711
47,10,550001,333363,313876
47,11,600001,349325,338223
47,12,650001,363523,350261
47,13,700001,376476,361426
47,14,750001,388125,371519
47,15,800001,398802,380787
47,16,850001,408472,389576
47,17,900001,417234,397383
47,18,950001,425115,404485
47,19,1000000,432193,410845
48,0,50001,47524,45601.4
48,1,100001,90380,86503.1
48,2,150001,129381,123260
48,3,200001,164636,156516
48,4,250001,196558,186694
48,5,300001,225364,213693
48,6,350001,251324,238114
48,7,400001,275067,260351
48,8,450001,296425,279759
48,9,500001,315821,297992
48,10,550001,333350,314678
48,11,600001,349182,337640
48,12,650001,363470,349925
48,13,700001,376470,361003
48,14,750001,388223,371217
48,15,800001,399037,380859
48,16,850001,408549,389183
48,17,900001,417183,396789
48,18,950001,425129,404144
48,19,1000000,432358,410316
49,0,50001,47591,45791.3
49,1,100001,90672,86849.9
49,2,150001,129444,123884
49,3,200001,164896,156714
49,4,250001,196757,186657
49,5,300001,225503,213433
49,6,350001,251544,238065
49,7,400001,275169,259856
49,8,450001,296378,279194
49,9,500001,315688,297044
49,10,550001,333302,313241
49,11,600001,349215,336768
49,12,650001,363610,348825
49,13,700001,376473,359894
49,14,750001,388195,370170
49,15,800001,398833,379528
49,16,850001,408378,387375
49,17,900001,417081,394987
49,18,950001,425004,402218
49,19,1000000,432044,408427
50,0,50001,47627,46089.5
50,1,100001,90702,86921.7
50,2,150001,129725,124208
50,3,200001,164970,157177
50,4,250001,196726,186852
50,5,300001,225552,213943
50,6,350001,251697,238557
50,7,400001,275467,260884
50,8,450001,297082,281554
50,9,500001,316501,300216
50,10,550001,333742,316691
50,11,600001,349606,338656
50,12,650001,363762,351140
50,13,700001,376717,362555
50,14,750001,388526,373066
50,15,800001,399103,382585
50,16,850001,408739,391449
50,17,900001,417518,399175
50,18,950001,425415,406331
50,19,1000000,432572,412777
51,0,50001,47646,45842.4
51,1,100001,90648,86879
51,2,150001,129705,123943
51,3,200001,165039,156992
51,4,250001,197130,187319
51,5,300001,226118,214281
51,6,350001,251996,238391
51,7,400001,275447,259813
51,8,450001,296958,280216
51,9,500001,316414,299144
51,10,550001,333867,315853
51,11,600001,349643,338002
51,12,650001,363857,350076
51,13,700001,376984,361320
51,14,750001,388643,371516
51,15,800001,399030,380793
51,16,850001,408766,389456
51,17,900001,417430,397162
51,18,950001,425328,404465
51,19,1000000,432524,410829
52,0,50001,47562,45875
52,1,100001,90634,87051.8
52,2,150001,129588,123824
52,3,200001,164999,156978
52,4,250001,197070,187917
52,5,300001,225835,214548
52,6,350001,251969,239127
52,7,400001,275489,261060
52,8,450001,296816,280811
52,9,500001,316288,298557
52,10,550001,333887,314590
52,11,600001,349754,337351
52,12,650001,363982,349886
52,13,700001,376884,361134
52,14,750001,388489,371078
52,15,800001,398971,380313
52,16,850001,408442,388771
52,17,900001,417248,396664
52,18,950001,424962,403446
52,19,1000000,432154,409769
53,0,50001,47538,45876.4
53,1,100001,90432,86462.5
53,2,150001,129256,123503
53,3,200001,164617,156522
53,4,250001,196556,186599
53,5,300001,225488,214235
53,6,350001,251680,238446
53,7,400001,275339,261016
53,8,450001,296733,281529
53,9,500001,315937,299379
53,10,550001,333269,314999
53,11,600001,349047,337977
53,12,650001,363385,350251
53,13,700001,376412,361472
53,14,750001,388141,371958
53,15,800001,398739,381485
53,16,850001,408399,389773
53,17,900001,417100,397518
53,18,950001,424917,404725
53,19,1000000,432160,411409
54,0,50001,47547,45811.2
54,1,100001,90485,86830.5
54,2,150001,129470,123755
54,3,200001,164766,157111
54,4,250001,196841,187177
54,5,300001,225539,214322
54,6,350001,251457,238594
54,7,400001,275141,260899
54,8,450001,296447,280556
54,9,500001,315842,299251
54,10,550001,333472,315198
54,11,600001,349324,337362
54,12,650001,363686,349793
54,13,700001,376785,361222
54,14,750001,388556,372084
54,15,800001,399145,381786
54,16,850001,408780,390348
54,17,900001,417546,398258
54,18,950001,425351,405271
54,19,1000000,432484,411986
55,0,50001,47605,45792.7
55,1,100001,90686,86898.4
55,2,150001,129535,123645
55,3,200001,164650,156945
55,4,250001,196457,187286
55,5,300001,225330,214338
55,6,350001,251368,239009
55,7,400001,275073,261412
55,8,450001,296512,281426
55,9,500001,315921,299930
55,10,550001,333424,316523
55,11,600001,349121,337349
55,12,650001,363534,350062
55,13,700001,376556,361622
55,14,750001,388453,371847
55,15,800001,398931,380645
55,16,850001,408519,389330
55,17,900001,417211,396956
55,18,950001,425118,403998
55,19,1000000,432248,410353
56,0,50001,47516,45692.1
56,1,100001,90586,86941.1
56,2,150001,129688,124407
56,3,200001,164930,157899
56,4,250001,196959,188253
56,5,300001,225823,215772
56,6,350001,251882,240566
56,7,400001,275495,263240
56,8,450001,297073,283662
56,9,500001,316340,301716
56,10,550001,333723,317331
56,11,600001,349454,337869
56,12,650001,363965,350208
56,13,700001,376966,361795
56,14,750001,388531,372053
56,15,800001,399221,381765
56,16,850001,408761,390231
56,17,900001,417348,397696
56,18,950001,425183,404633
56,19,1000000,432244,410938
57,0,50001,47570,45792.7
57,1,100001,90547,86811.1
57,2,150001,129684,124208
57,3,200001,165007,157476
57,4,250001,197007,187620
57,5,300001,225763,214728
57,6,350001,251923,238434
57,7,400001,275518,260023
57,8,450001,296748,280157
57,9,500001,316041,298158
57,10,550001,333397,314712
57,11,600001,349257,336941
57,12,650001,363604,349512
57,13,700001,376376,360339
57,14,750001,388138,370780
57,15,800001,398648,380299
57,16,850001,408250,388663
57,17,900001,417045,396489
57,18,950001,424986,403632
57,19,1000000,432083,410168
58,0,50001,47490,45660.9
58,1,100001,90547,86526.4
58,2,150001,129489,123483
58,3,200001,164918,156648
58,4,250001,196756,186553
58,5,300001,225502,213872
58,6,350001,251701,238490
58,7,400001,275173,260877
58,8,450001,296786,281041
58,9,500001,316128,299271
58,10,550001,333674,315409
58,11,600001,349613,337911
58,12,650001,363895,350746
58,13,700001,376790,361846
58,14,750001,388387,372259
58,15,800001,398848,381705
58,16,850001,408518,390286
58,17,900001,417257,398010
58,18,950001,425077,404844
58,19,1000000,432290,411261
59,0,50001,47611,45737.4
59,1,100001,90677,86877.1
59,2,150001,129537,123598
59,3,200001,164756,156074
59,4,250001,196656,186188
59,5,300001,225638,213637
59,6,350001,251760,238188
59,7,400001,275689,260271
59,8,450001,296970,280692
59,9,500001,316306,298938
59,10,550001,333755,315809
59,11,600001,349477,337314
59,12,650001,363834,349775
59,13,700001,376660,360899
59,14,750001,388442,371159
59,15,800001,399112,380366
59,16,850001,408717,389036
59,17,900001,417487,396867
59,18,950001,425338,403770
59,19,1000000,432532,410648
60,0,50001,47596,45686.4
60,1,100001,90685,86776.2
60,2,150001,129774,123842
60,3,200001,164934,157303
60,4,250001,196764,187624
60,5,300001,225551,214970
60,6,350001,251672,239804
60,7,400001,275360,261913
60,8,450001,296835,281975
60,9,500001,316188,300177
60,10,550001,333797,316590
60,11,600001,349528,338187
60,12,650001,363856,350580
60,13,700001,376886,361981
60,14,750001,388529,372500
60,15,800001,399192,381819
60,16,850001,408730,390180
60,17,900001,417418,397884
60,18,950001,425356,405317
60,19,1000000,432518,411664
61,0,50001,47688,45926.1
61,1,100001,90735,86855.7
61,2,150001,129844,124028
61,3,200001,164995,157353
61,4,250001,196773,187448
61,5,300001,225512,214245
61,6,350001,251554,238545
61,7,400001,275001,259668
61,8,450001,296276,279548
61,9,500001,315734,297198
61,10,550001,333227,314007
61,11,600001,349153,336415
61,12,650001,363381,348735
61,13,700001,376461,360089
61,14,750001,388237,370697
61,15,800001,398692,379779
61,16,850001,408254,388297
61,17,900001,416917,395857
61,18,950001,424786,402821
61,19,1000000,432157,409102
62,0,50001,47509,45734.6
62,1,100001,90577,86431.6
62,2,150001,129529,123314
62,3,200001,164800,156810
62,4,250001,196705,187373
62,5,300001,225552,214384
62,6,350001,251715,238984
62,7,400001,275360,260599
62,8,450001,296831,280394
62,9,500001,316136,297954
62,10,550001,333593,313394
62,11,600001,349506,337245
62,12,650001,363778,349742
62,13,700001,376637,361400
62,14,750001,388309,371628
62,15,800001,398946,381316
62,16,850001,408651,389785
62,17,900001,417364,397699
62,18,950001,425148,404979
62,19,1000000,432267,411505
63,0,50001,47582,45730.4
63,1,100001,90467,86192
63,2,150001,129464,123163
63,3,200001,164879,156403
63,4,250001,196597,185866
63,5,300001,225484,213214
63,6,350001,251661,237561
63,7,400001,275294,260009
63,8,450001,296664,280428
63,9,500001,316066,298430
63,10,550001,333615,314524
63,11,600001,349624,338193
63,12,650001,363968,350930
63,13,700001,376742,362170
63,14,750001,388531,372792
63,15,800001,399175,382023
63,16,850001,408576,390539
63,17,900001,417308,398213
63,18,950001,425281,405029
63,19,1000000,432340,411166
64,0,50001,47584,45584.4
64,1,100001,90651,86543.8
64,2,150001,129606,122953
64,3,200001,164689,155821
64,4,250001,196467,185043
64,5,300001,225455,212119
64,6,350001,251527,236658
64,7,400001,275137,258570
64,8,450001,296533,278807
64,9,500001,315753,296563
64,10,550001,333305,312545
64,11,600001,349202,335818
64,12,650001,363587,347680
64,13,700001,376557,359158
64,14,750001,388294,369780
64,15,800001,398855,378987
64,16,850001,408407,387768
64,17,900001,417109,395624
64,18,950001,424959,402507
64,19,1000000,432052,409016
65,0,50001,47669,45736
65,1,100001,90648,86830.5
65,2,150001,129593,123603
65,3,200001,164741,156975
65,4,250001,196709,186865
65,5,300001,225501,214107
65,6,350001,251350,238298
65,7,400001,275073,260511
65,8,450001,296477,280208
65,9,500001,316057,298294
65,10,550001,333668,315198
65,11,600001,349398,336791
65,12,650001,363702,348877
65,13,700001,376631,360389
65,14,750001,388524,370916
65,15,800001,399084,380697
65,16,850001,408719,389096
65,17,900001,417365,396826
65,18,950001,425236,403905
65,19,1000000,432328,410110
66,0,50001,47563,45761.5
66,1,100001,90594,86646.4
66,2,150001,129628,123598
66,3,200001,164924,156697
66,4,250001,196794,186391
66,5,300001,225623,213611
66,6,350001,251589,238385
66,7,400001,275383,260709
66,8,450001,296780,280377
66,9,500001,316257,298401
66,10,550001,333655,314767
66,11,600001,349465,337247
66,12,650001,363834,349327
66,13,700001,376746,360555
66,14,750001,388553,371035
66,15,800001,399190,380568
66,16,850001,408848,389176
66,17,900001,417431,397102
66,18,950001,425257,403934
66,19,1000000,432337,410533
67,0,50001,47583,45672.3
67,1,100001,90713,86974.1
67,2,150001,129720,123948
67,3,200001,164939,157499
67,4,250001,196726,186998
67,5,300001,225563,213550
67,6,350001,251403,238132
67,7,400001,275089,260038
67,8,450001,296472,279522
67,9,500001,315747,297450
67,10,550001,333307,314150
67,11,600001,349170,336805
67,12,650001,363557,349103
67,13,700001,376530,360605
67,14,750001,388287,371153
67,15,800001,398814,380190
67,16,850001,408615,388923
67,17,900001,417362,396288
67,18,950001,425254,403212
67,19,1000000,432371,409254
68,0,50001,47610,45831
68,1,100001,90737,86568.9
68,2,150001,129846,123609
68,3,200001,165065,157237
68,4,250001,196881,187507
68,5,300001,225710,214445
68,6,350001,251728,238274
68,7,400001,275415,260884
68,8,450001,296744,280420
68,9,500001,316174,299114
68,10,550001,333753,315253
68,11,600001,349476,337407
68,12,650001,363805,349967
68,13,700001,376732,361045
68,14,750001,388473,371308
68,15,800001,399119,380254
68,16,850001,408659,388857
68,17,900001,417298,396439
68,18,950001,425282,403448
68,19,1000000,432306,409545
69,0,50001,47547,45780
69,1,100001,90650,86526.4
69,2,150001,129605,123601
69,3,200001,164928,156417
69,4,250001,196908,186312
69,5,300001,225717,213361
69,6,350001,251914,237592
69,7,400001,275607,260249
69,8,450001,296883,280242
69,9,500001,316126,298080
69,10,550001,333687,314271
69,11,600001,349585,336459
69,12,650001,363870,348455
69,13,700001,376732,359443
69,14,750001,388529,369616
69,15,800001,399219,379187
69,16,850001,408889,387749
69,17,900001,417692,395688
69,18,950001,425582,402900
69,19,1000000,432562,409075
70,0,50001,47516,45676.5
70,1,100001,90556,86578.6
70,2,150001,129472,123283
70,3,200001,164831,156542
70,4,250001,196723,186412
70,5,300001,225588,213535
70,6,350001,251693,237929
70,7,400001,275345,260344
70,8,450001,296754,280556
70,9,500001,316124,298469
70,10,550001,333670,314535
70,11,600001,349451,337898
70,12,650001,363754,350451
70,13,700001,376764,361815
70,14,750001,388413,371874
70,15,800001,399029,381350
70,16,850001,408656,390121
70,17,900001,417267,397624
70,18,950001,425191,404436
70,19,1000000,432204,410771
71,0,50001,47592,45733.2
71,1,100001,90723,87195.7
71,2,150001,129407,123804
71,3,200001,164656,157157
71,4,250001,196667,187273
71,5,300001,225571,214589
71,6,350001,251540,239251
71,7,400001,275003,261199
71,8,450001,296501,281520
71,9,500001,315928,299575
71,10,550001,333284,316266
71,11,600001,349228,338328
71,12,650001,363664,350718
71,13,700001,376622,362017
71,14,750001,388362,372298
71,15,800001,399059,381783
71,16,850001,408602,390333
71,17,900001,417304,398198
71,18,950001,425005,404720
71,19,1000000,432159,411245
72,0,50001,47572,45787.1
72,1,100001,90684,86768.5
72,2,150001,129560,123796
72,3,200001,164933,157114
72,4,250001,196930,186773
72,5,300001,225823,213443
72,6,350001,251789,238601
72,7,400001,275336,260482
72,8,450001,296708,281144
72,9,500001,316066,298821
72,10,550001,333531,316132
72,11,600001,349385,338114
72,12,650001,363742,350950
72,13,700001,376724,362189
72,14,750001,388521,372408
72,15,800001,399151,381606
72,16,850001,408636,390146
72,17,900001,417276,398103
72,18,950001,425113,405225
72,19,1000000,432153,411374
73,0,50001,47591,45812.6
73,1,100001,90683,86630.9
73,2,150001,129606,123191
73,3,200001,164820,156929
73,4,250001,196923,187223
73,5,300001,226072,214204
73,6,350001,252125,239015
73,7,400001,275609,260921
73,8,450001,296831,280454
73,9,500001,316182,298694
73,10,550001,333587,314712
73,11,600001,349191,336846
73,12,650001,363573,348929
73,13,700001,376389,360513
73,14,750001,388326,370641
73,15,800001,399080,380371
73,16,850001,408621,388807
73,17,900001,417381,396896
73,18,950001,425099,403701
73,19,1000000,432275,409823
74,0,50001,47599,45706.3
74,1,100001,90428,86379.4
74,2,150001,129414,122938
74,3,200001,164525,156281
74,4,250001,196478,186844
74,5,300001,225450,214384
74,6,350001,251668,238978
74,7,400001,275297,260987
74,8,450001,296713,280965
74,9,500001,316279,299261
74,10,550001,333654,314999
74,11,600001,349592,337586
74,12,650001,363772,349389
74,13,700001,376782,360953
74,14,750001,388614,371311
74,15,800001,399084,380209
74,16,850001,408806,388608
74,17,900001,417465,396583
74,18,950001,425338,403165
74,19,1000000,432456,409671
75,0,50001,47577,45822.5
75,1,100001,90619,87092.6
75,2,150001,129705,124216
75,3,200001,164976,157463
75,4,250001,196814,187499
75,5,300001,225856,214996
75,6,350001,252058,239661
75,7,400001,275711,262504
75,8,450001,297094,281760
75,9,500001,316340,300315
75,10,550001,333690,316098
75,11,600001,349690,339104
75,12,650001,363845,351047
75,13,700001,376783,362569
75,14,750001,388561,372472
75,15,800001,399053,381611
75,16,850001,408586,389903
75,17,900001,417402,397743
75,18,950001,425223,404743
75,19,1000000,432392,410997
76,0,50001,47642,45761.5
76,1,100001,90665,86487.7
76,2,150001,129678,123219
76,3,200001,164989,156856
76,4,250001,196542,187069
76,5,300001,225351,214066
76,6,350001,251539,238391
76,7,400001,275214,260745
76,8,450001,296657,280777
76,9,500001,315995,299085
76,10,550001,333413,315431
76,11,600001,349313,337341
76,12,650001,363633,350020
76,13,700001,376583,361242
76,14,750001,388311,371207
76,15,800001,398948,380915
76,16,850001,408488,389027
76,17,900001,417260,397144
76,18,950001,425066,404078
76,19,1000000,432153,410756
77,0,50001,47622,45694.9
77,1,100001,90571,86294.4
77,2,150001,129463,122818
77,3,200001,164746,155460
77,4,250001,196592,185528
77,5,300001,225491,212130
77,6,350001,251604,236682
77,7,400001,275069,258520
77,8,450001,296556,278531
77,9,500001,315918,296236
77,10,550001,333479,312079
77,11,600001,349221,335434
77,12,650001,363503,347630
77,13,700001,376405,358832
77,14,750001,388046,369286
77,15,800001,398760,378744
77,16,850001,408395,387204
77,17,900001,417321,395134
77,18,950001,425258,402011
77,19,1000000,432288,408299
78,0,50001,47598,45835.3
78,1,100001,90610,86857.7
78,2,150001,129797,124162
78,3,200001,165024,157005
78,4,250001,196798,187019
78,5,300001,225448,213484
78,6,350001,251740,237807
78,7,400001,275395,260249
78,8,450001,296827,280632
78,9,500001,316170,298977
78,10,550001,333815,315575
78,11,600001,349627,337736
78,12,650001,364072,350539
78,13,700001,377010,361743
78,14,750001,388718,372226
78,15,800001,399440,381745
78,16,850001,409109,390274
78,17,900001,417854,398004
78,18,950001,425585,404961
78,19,1000000,432786,411466
79,0,50001,47523,45570.3
79,1,100001,90577,86495.4
79,2,150001,129340,123109
79,3,200001,164699,156295
79,4,250001,196469,185886
79,5,300001,225329,213519
79,6,350001,251545,237586
79,7,400001,275275,260132
79,8,450001,296540,280292
79,9,500001,315937,298557
79,10,550001,333379,315143
79,11,600001,349165,336899
79,12,650001,363620,349233
79,13,700001,376581,360440
79,14,750001,388300,370367
79,15,800001,398813,379151
79,16,850001,408326,387565
79,17,900001,416989,395191
79,18,950001,425009,402404
79,19,1000000,432154,408875
80,0,50001,47645,45797
80,1,100001,90751,86801.4
80,2,150001,129973,124133
80,3,200001,165165,156899
80,4,250001,197043,187494
80,5,300001,225784,214816
80,6,350001,251930,238953
80,7,400001,275560,260826
80,8,450001,297030,281204
80,9,500001,316221,298469
80,10,550001,333838,315132
80,11,600001,349847,338257
80,12,650001,364048,350487
80,13,700001,377052,361795
80,14,750001,388678,372185
80,15,800001,399260,381822
80,16,850001,408786,390295
80,17,900001,417530,398187
80,18,950001,425358,405273
80,19,1000000,432421,411822
81,0,50001,47604,45743.1
81,1,100001,90618,86743.3
81,2,150001,129543,123537
81,3,200001,164745,156634
81,4,250001,196626,186615
81,5,300001,225597,213918
81,6,350001,251752,238453
81,7,400001,275426,261162
81,8,450001,296640,280777
81,9,500001,315920,298567
81,10,550001,333448,314623
81,11,600001,349204,337098
81,12,650001,363287,349306
81,13,700001,376363,360578
81,14,750001,388062,370432
81,15,800001,398626,379896
81,16,850001,408265,388287
81,17,900001,416866,395946
81,18,950001,424781,403154
81,19,1000000,431971,409807
82,0,50001,47596,45683.6
82,1,100001,90637,86321.4
82,2,150001,129636,123342
82,3,200001,165048,156724
82,4,250001,196878,186744
82,5,300001,225904,214107
82,6,350001,251915,238255
82,7,400001,275524,260533
82,8,450001,297009,279818
82,9,500001,316317,298274
82,10,550001,333980,315109
82,11,600001,349698,337219
82,12,650001,363813,349701
82,13,700001,376917,361592
82,14,750001,388600,371762
82,15,800001,399094,381031
82,16,850001,408678,389931
82,17,900001,417327,397613
82,18,950001,425236,404745
82,19,1000000,432323,410890
83,0,50001,47609,45721.9
83,1,100001,90539,86559.3
83,2,150001,129559,123201
83,3,200001,164752,156502
83,4,250001,196774,186823
83,5,300001,225722,214533
83,6,350001,252006,239729
83,7,400001,275545,261684
83,8,450001,296784,281298
83,9,500001,315993,299320
83,10,550001,333612,316433
83,11,600001,349318,338517
83,12,650001,363469,350901
83,13,700001,376476,362173
83,14,750001,388218,372413
83,15,800001,398778,381775
83,16,850001,408389,390462
83,17,900001,416994,398271
83,18,950001,424758,405454
83,19,1000000,431861,411462
84,0,50001,47598,45723.3
84,1,100001,90555,86731.6
84,2,150001,129416,123421
84,3,200001,164737,156275
84,4,250001,196661,186072
84,5,300001,225752,213249
84,6,350001,252008,237960
84,7,400001,275725,259791
84,8,450001,297076,280055
84,9,500001,316466,297963
84,10,550001,333790,314095
84,11,600001,349790,336878
84,12,650001,364054,349559
84,13,700001,377128,361028
84,14,750001,388741,370851
84,15,800001,399397,380668
84,16,850001,409000,389148
84,17,900001,417716,396964
84,18,950001,425487,404145
84,19,1000000,432597,410754
85,0,50001,47696,45990
85,1,100001,90795,86718.1
85,2,150001,129731,123511
85,3,200001,165139,156982
85,4,250001,196932,187219
85,5,300001,225687,214661
85,6,350001,251911,239331
85,7,400001,275484,261082
85,8,450001,296742,281161
85,9,500001,316107,299684
85,10,550001,333571,316243
85,11,600001,349442,338547
85,12,650001,363821,350838
85,13,700001,376730,362392
85,14,750001,388409,372795
85,15,800001,398984,381987
85,16,850001,408602,390374
85,17,900001,417275,397858
85,18,950001,425267,404595
85,19,1000000,432403,410781
86,0,50001,47562,45787.1
86,1,100001,90505,86710.3
86,2,150001,129427,123609
86,3,200001,164661,156648
86,4,250001,196593,187260
86,5,300001,225511,214174
86,6,350001,251539,238718
86,7,400001,275128,260987
86,8,450001,296500,280828
86,9,500001,315670,299379
86,10,550001,333147,315597
86,11,600001,348997,336525
86,12,650001,363362,348985
86,13,700001,376448,360615
86,14,750001,388241,370795
86,15,800001,398865,379953
86,16,850001,408497,388293
86,17,900001,417260,396211
86,18,950001,425182,403198
86,19,1000000,432329,409744
87,0,50001,47606,45829.6
87,1,100001,90687,86892.6
87,2,150001,129490,123927
87,3,200001,164740,156925
87,4,250001,196560,186445
87,5,300001,225367,213087
87,6,350001,251487,237543
87,7,400001,275157,260009
87,8,450001,296445,279641
87,9,500001,315954,298128
87,10,550001,333496,314029
87,11,600001,349257,336746
87,12,650001,363607,349008
87,13,700001,376581,360070
87,14,750001,388318,370164
87,15,800001,398956,379730
87,16,850001,408480,388698
87,17,900001,417373,396682
87,18,950001,425136,403827
87,19,1000000,432141,409986
88,0,50001,47531,45669.4
88,1,100001,90550,86319.5
88,2,150001,129537,123593
88,3,200001,164788,156816
88,4,250001,196595,186383
88,5,300001,225563,213560
88,6,350001,251740,237745
88,7,400001,275436,259776
88,8,450001,296817,280216
88,9,500001,316079,298323
88,10,550001,333394,314381
88,11,600001,349219,336431
88,12,650001,363591,349049
88,13,700001,376500,360607
88,14,750001,388230,370870
88,15,800001,398756,380647
88,16,850001,408420,389395
88,17,900001,417142,397237
88,18,950001,425131,404483
88,19,1000000,432263,411037
89,0,50001,47483,45584.4
89,1,100001,90586,86611.5
89,2,150001,129416,123493
89,3,200001,164558,156443
89,4,250001,196541,186819
89,5,300001,225539,214780
89,6,350001,251697,239499
89,7,400001,275430,261441
89,8,450001,296754,280982
89,9,500001,316107,298840
89,10,550001,333696,316020
89,11,600001,349656,337976
89,12,650001,363949,350344
89,13,700001,376966,361389
89,14,750001,388793,371975
89,15,800001,399391,381160
89,16,850001,408918,390096
89,17,900001,417703,398002
89,18,950001,425631,405335
89,19,1000000,432797,411656
90,0,50001,47564,45670.8
90,1,100001,90677,86499.3
90,2,150001,129524,123078
90,3,200001,164773,156357
90,4,250001,196560,186354
90,5,300001,225371,213117
90,6,350001,251287,237629
90,7,400001,274913,259494
90,8,450001,296388,279261
90,9,500001,315776,297430
90,10,550001,333428,313230
90,11,600001,349292,336916
90,12,650001,363659,349745
90,13,700001,376770,360933
90,14,750001,388527,371170
90,15,800001,399147,380458
90,16,850001,408700,388890
90,17,900001,417337,396609
90,18,950001,425208,403761
90,19,1000000,432346,410152
91,0,50001,47551,45639.7
91,1,100001,90596,86741.3
91,2,150001,129728,123624
91,3,200001,164840,156459
91,4,250001,196869,186362
91,5,300001,225819,213188
91,6,350001,251815,237488
91,7,400001,275319,259248
91,8,450001,296756,279531
91,9,500001,316021,297218
91,10,550001,333530,313755
91,11,600001,349521,336413
91,12,650001,363873,348155
91,13,700001,376894,359366
91,14,750001,388725,369551
91,15,800001,399346,379138
91,16,850001,408754,386899
91,17,900001,417419,394628
91,18,950001,425193,401765
91,19,1000000,432438,408694
92,0,50001,47551,45551.9
92,1,100001,90646,86437.4
92,2,150001,129594,123137
92,3,200001,164787,156351
92,4,250001,196637,186019
92,5,300001,225604,212579
92,6,350001,251743,237182
92,7,400001,275437,259038
92,8,450001,296668,278564
92,9,500001,315935,296649
92,10,550001,333518,312686
92,11,600001,349197,336423
92,12,650001,363471,348797
92,13,700001,376444,359974
92,14,750001,388210,370343
92,15,800001,398874,379741
92,16,850001,408494,388342
92,17,900001,417220,395881
92,18,950001,425064,402879
92,19,1000000,432180,409652
93,0,50001,47558,45577.4
93,1,100001,90531,86592.2
93,2,150001,129422,123319
93,3,200001,164443,155699
93,4,250001,196442,185458
93,5,300001,225237,212367
93,6,350001,251272,237072
93,7,400001,274987,258779
93,8,450001,296403,279219
93,9,500001,315633,297411
93,10,550001,333080,313198
93,11,600001,348878,335744
93,12,650001,363174,348144
93,13,700001,376247,359460
93,14,750001,388131,369969
93,15,800001,398833,379556
93,16,850001,408598,387954
93,17,900001,417214,395518
93,18,950001,425199,402561
93,19,1000000,432183,408653
94,0,50001,47597,45755.9
94,1,100001,90638,86915.9
94,2,150001,129538,123603
94,3,200001,165027,157267
94,4,250001,196659,187019
94,5,300001,225638,214420
94,6,350001,251686,239325
94,7,400001,275302,261589
94,8,450001,296658,281855
94,9,500001,316103,300019
94,10,550001,333704,316478
94,11,600001,349536,337837
94,12,650001,363869,349967
94,13,700001,376823,361635
94,14,750001,388725,372053
94,15,800001,399256,381144
94,16,850001,408993,389791
94,17,900001,417656,397405
94,18,950001,425585,404500
94,19,1000000,432634,410691
95,0,50001,47573,45849.5
95,1,100001,90604,86636.7
95,2,150001,129726,123175
95,3,200001,165084,156387
95,4,250001,196903,186172
95,5,300001,225902,212909
95,6,350001,252024,237831
95,7,400001,275769,259711
95,8,450001,297240,279489
95,9,500001,316432,296495
95,10,550001,333841,312947
95,11,600001,349613,336311
95,12,650001,363992,348479
95,13,700001,377080,360169
95,14,750001,388789,370800
95,15,800001,399337,380217
95,16,850001,408946,388889
95,17,900001,417695,396603
95,18,950001,425563,403931
95,19,1000000,432706,410842
96,0,50001,47656,45867.9
96,1,100001,90601,86288.6
96,2,150001,129540,123019
96,3,200001,164779,156156
96,4,250001,196798,185853
96,5,300001,225709,213163
96,6,350001,251718,237721
96,7,400001,275333,259762
96,8,450001,296765,279565
96,9,500001,316014,297992
96,10,550001,333640,314999
96,11,600001,349347,337363
96,12,650001,363522,350155
96,13,700001,376458,361594
96,14,750001,388157,371909
96,15,800001,398637,381177
96,16,850001,408284,389378
96,17,900001,417074,396749
96,18,950001,424955,403970
96,19,1000000,432187,409969
97,0,50001,47547,45594.4
97,1,100001,90564,86629
97,2,150001,129446,123665
97,3,200001,164790,156572
97,4,250001,196833,186644
97,5,300001,225664,213270
97,6,350001,251744,237880
97,7,400001,275381,259711
97,8,450001,296776,279480
97,9,500001,315930,297818
97,10,550001,333453,314546
97,11,600001,349387,337126
97,12,650001,363673,349325
97,13,700001,376627,360326
97,14,750001,388337,370076
97,15,800001,399051,379541
97,16,850001,408779,388374
97,17,900001,417329,395895
97,18,950001,425278,402996
97,19,1000000,432403,409787
98,0,50001,47648,45829.6
98,1,100001,90675,86869.3
98,2,150001,129544,123596
98,3,200001,164842,156932
98,4,250001,196864,187135
98,5,300001,225597,214051
98,6,350001,251868,238669
98,7,400001,275612,260979
98,8,450001,297014,280530
98,9,500001,316173,298772
98,10,550001,333668,315386
98,11,600001,349557,337696
98,12,650001,363813,349950
98,13,700001,376761,360976
98,14,750001,388445,371342
98,15,800001,398926,380819
98,16,850001,408503,389249
98,17,900001,417231,397190
98,18,950001,425140,404255
98,19,1000000,432235,410560
99,0,50001,47522,45707.7
99,1,100001,90498,86534.1
99,2,150001,129442,123467
99,3,200001,164617,156552
99,4,250001,196431,186507
99,5,300001,225391,213718
99,6,350001,251566,238138
99,7,400001,275132,259711
99,8,450001,296840,280131
99,9,500001,316289,298128
99,10,550001,333938,314745
99,11,600001,349620,337508
99,12,650001,363800,349485
99,13,700001,376769,360753
99,14,750001,388547,371175
99,15,800001,399299,380835
99,16,850001,408925,389476
99,17,900001,417544,397560
99,18,950001,425441,404887
99,19,1000000,432543,411291
